time;gFx;gFy;gFz;TgF
0,007000;0,0307;-0,0043;0,9844;0,985
0,008000;0,0302;-0,0023;0,9854;0,986
0,015000;0,0302;-0,0028;0,9864;0,987
0,026000;0,0321;-0,0028;0,9859;0,986
0,031000;0,0297;-0,0038;0,9854;0,986
0,042000;0,0307;-0,0048;0,9859;0,986
0,056000;0,0311;-0,0033;0,9864;0,987
0,061000;0,0307;-0,0038;0,9839;0,984
0,072000;0,0292;-0,0053;0,9839;0,984
0,081000;0,0302;-0,0023;0,9815;0,982
0,091000;0,0292;-0,0033;0,9835;0,984
0,104000;0,0311;-0,0033;0,9849;0,985
0,112000;0,0307;-0,0053;0,9854;0,986
0,122000;0,0297;-0,0038;0,9854;0,986
0,132000;0,0297;-0,0043;0,9839;0,984
0,154000;0,0297;-0,0033;0,9839;0,984
0,156000;0,0302;-0,0043;0,9849;0,985
0,162000;0,0292;-0,0018;0,9859;0,986
0,174000;0,0307;-0,0048;0,9854;0,986
0,182000;0,0302;-0,0043;0,9844;0,985
0,192000;0,0302;-0,0028;0,9839;0,984
0,202000;0,0307;-0,0043;0,9830;0,983
0,212000;0,0307;-0,0033;0,9849;0,985
0,238000;0,0302;-0,0038;0,9844;0,985
0,240000;0,0302;-0,0028;0,9835;0,984
0,242000;0,0297;-0,0033;0,9854;0,986
0,252000;0,0307;-0,0053;0,9849;0,985
0,262000;0,0302;-0,0028;0,9859;0,986
0,274000;0,0302;-0,0033;0,9854;0,986
0,282000;0,0311;-0,0048;0,9849;0,985
0,293000;0,0302;-0,0033;0,9854;0,986
0,302000;0,0311;-0,0028;0,9830;0,983
0,313000;0,0302;-0,0043;0,9820;0,982
0,327000;0,0302;-0,0028;0,9815;0,982
0,332000;0,0311;-0,0043;0,9864;0,987
0,343000;0,0292;-0,0009;0,9830;0,983
0,352000;0,0311;-0,0023;0,9835;0,984
0,362000;0,0311;-0,0043;0,9844;0,985
0,374000;0,0307;-0,0043;0,9864;0,987
0,382000;0,0307;-0,0053;0,9859;0,986
0,391000;0,0302;-0,0023;0,9844;0,985
0,401000;0,0297;-0,0028;0,9864;0,987
0,411000;0,0302;-0,0062;0,9859;0,986
0,421000;0,0316;-0,0038;0,9844;0,985
0,431000;0,0311;-0,0038;0,9859;0,986
0,443000;0,0302;-0,0033;0,9844;0,985
0,451000;0,0302;-0,0038;0,9844;0,985
0,462000;0,0297;-0,0038;0,9869;0,987
0,472000;0,0302;-0,0048;0,9825;0,983
0,482000;0,0297;-0,0028;0,9874;0,988
0,493000;0,0292;-0,0043;0,9835;0,984
0,502000;0,0297;-0,0048;0,9830;0,983
0,512000;0,0307;-0,0013;0,9844;0,985
0,522000;0,0297;-0,0048;0,9864;0,987
0,532000;0,0297;-0,0023;0,9859;0,986
0,546000;0,0302;-0,0038;0,9835;0,984
0,552000;0,0297;-0,0028;0,9874;0,988
0,561000;0,0307;-0,0048;0,9830;0,983
0,572000;0,0302;-0,0023;0,9844;0,985
0,581000;0,0307;-0,0038;0,9874;0,988
0,593000;0,0302;-0,0043;0,9854;0,986
0,602000;0,0287;-0,0043;0,9835;0,984
0,627000;0,0302;-0,0053;0,9839;0,984
0,631000;0,0297;-0,0028;0,9854;0,986
0,632000;0,0307;-0,0038;0,9844;0,985
0,642000;0,0316;-0,0023;0,9849;0,985
0,652000;0,0307;-0,0057;0,9854;0,986
0,677000;0,0307;-0,0033;0,9844;0,985
0,679000;0,0302;-0,0057;0,9825;0,983
0,682000;0,0287;-0,0048;0,9888;0,989
0,692000;0,0287;-0,0028;0,9859;0,986
0,702000;0,0302;-0,0038;0,9869;0,987
0,712000;0,0316;-0,0057;0,9839;0,984
0,722000;0,0302;-0,0033;0,9825;0,983
0,732000;0,0292;-0,0023;0,9864;0,987
0,741000;0,0297;-0,0057;0,9849;0,985
0,752000;0,0287;-0,0038;0,9844;0,985
0,763000;0,0307;-0,0053;0,9825;0,983
0,772000;0,0307;-0,0023;0,9844;0,985
0,781000;0,0302;-0,0048;0,9835;0,984
0,791000;0,0302;-0,0038;0,9859;0,986
0,801000;0,0307;-0,0043;0,9864;0,987
0,812000;0,0302;-0,0033;0,9874;0,988
0,822000;0,0302;-0,0038;0,9849;0,985
0,831000;0,0302;-0,0038;0,9825;0,983
0,842000;0,0302;-0,0033;0,9805;0,981
0,858000;0,0287;-0,0023;0,9859;0,986
0,863000;0,0316;-0,0038;0,9849;0,985
0,872000;0,0302;-0,0048;0,9849;0,985
0,882000;0,0307;-0,0023;0,9835;0,984
0,891000;0,0307;-0,0028;0,9864;0,987
0,901000;0,0302;-0,0023;0,9839;0,984
0,911000;0,0302;-0,0043;0,9844;0,985
0,922000;0,0307;-0,0038;0,9849;0,985
0,937000;0,0311;-0,0048;0,9849;0,985
0,942000;0,0302;-0,0033;0,9825;0,983
0,952000;0,0297;-0,0028;0,9869;0,987
0,961000;0,0311;-0,0038;0,9849;0,985
0,972000;0,0297;-0,0033;0,9859;0,986
0,982000;0,0311;-0,0048;0,9830;0,983
0,992000;0,0302;-0,0048;0,9839;0,984
1,001000;0,0311;-0,0067;0,9825;0,983
1,012000;0,0307;-0,0043;0,9849;0,985
1,021000;0,0307;-0,0038;0,9864;0,987
1,041000;0,0302;-0,0038;0,9839;0,984
1,044000;0,0297;-0,0048;0,9864;0,987
1,052000;0,0302;-0,0013;0,9859;0,986
1,061000;0,0307;-0,0033;0,9839;0,984
1,071000;0,0302;-0,0023;0,9859;0,986
1,085000;0,0302;-0,0023;0,9849;0,985
1,091000;0,0307;-0,0048;0,9844;0,985
1,103000;0,0307;-0,0038;0,9839;0,984
1,112000;0,0307;-0,0038;0,9859;0,986
1,122000;0,0292;-0,0033;0,9859;0,986
1,132000;0,0302;-0,0038;0,9859;0,986
1,146000;0,0326;-0,0033;0,9869;0,987
1,159000;0,0297;-0,0033;0,9844;0,985
1,162000;0,0307;-0,0038;0,9835;0,984
1,176000;0,0302;-0,0048;0,9844;0,985
1,181000;0,0302;-0,0043;0,9859;0,986
1,192000;0,0311;-0,0033;0,9835;0,984
1,204000;0,0302;-0,0038;0,9859;0,986
1,212000;0,0302;-0,0023;0,9825;0,983
1,222000;0,0302;-0,0038;0,9830;0,983
1,232000;0,0311;-0,0028;0,9874;0,988
1,244000;0,0297;-0,0004;0,9839;0,984
1,256000;0,0287;-0,0038;0,9820;0,982
1,261000;0,0307;-0,0033;0,9849;0,985
1,271000;0,0297;-0,0038;0,9844;0,985
1,281000;0,0292;-0,0033;0,9825;0,983
1,291000;0,0302;-0,0033;0,9839;0,984
1,304000;0,0336;-0,0057;0,9815;0,982
1,311000;0,0370;-0,0092;0,9825;0,983
1,322000;0,0272;0,0018;0,9883;0,989
1,331000;0,0214;0,0043;0,9854;0,986
1,350000;0,0268;0,0023;0,9854;0,986
1,355000;0,0189;0,0097;1,0059;1,006
1,365000;0,0194;0,0111;0,9654;0,966
1,382000;0,0209;0,0067;0,9913;0,992
1,383000;0,0233;0,0048;0,9815;0,982
1,391000;0,0268;0,0057;0,9825;0,983
1,402000;0,0268;0,0004;0,9976;0,998
1,411000;0,0282;0,0013;1,0118;1,012
1,428000;0,0272;0,0038;1,0157;1,016
1,432000;0,0297;0,0013;1,0387;1,039
1,441000;0,0492;0,0004;1,0348;1,036
1,451000;0,0463;0,0140;1,0015;1,003
1,461000;0,0307;0,0111;0,9952;0,996
1,471000;0,0316;0,0331;0,9869;0,988
1,482000;0,0082;0,0199;0,9996;1,000
1,495000;-0,0180;0,0140;1,0196;1,020
1,502000;-0,0385;0,0155;1,0367;1,038
1,512000;-0,0131;0,0282;1,0392;1,040
1,531000;0,0351;0,0390;1,0450;1,046
1,534000;0,0429;0,0458;1,0450;1,047
1,549000;0,0492;0,0610;1,0338;1,037
1,552000;0,0610;0,0575;1,0191;1,023
1,564000;0,0424;0,0947;0,9864;0,992
1,572000;0,0478;0,1298;0,9791;0,989
1,581000;0,0355;0,1548;0,9659;0,979
1,593000;0,0263;0,1870;0,9522;0,971
1,601000;0,0170;0,1753;0,9380;0,954
1,611000;0,0038;0,1684;0,9385;0,954
1,621000;-0,0082;0,1611;0,9551;0,969
1,632000;0,0038;0,1328;0,9761;0,985
1,642000;0,0097;0,1567;0,9805;0,993
1,652000;0,0101;0,1895;0,9781;0,996
1,661000;-0,0033;0,2173;0,9556;0,980
1,671000;-0,0155;0,2168;0,9580;0,982
1,681000;-0,0062;0,2300;0,9517;0,979
1,692000;0,0028;0,2413;0,9551;0,985
1,701000;-0,0062;0,2540;0,9160;0,951
1,711000;-0,0087;0,2667;0,9063;0,945
1,722000;-0,0048;0,2882;0,9043;0,949
1,734000;-0,0238;0,2564;0,9165;0,952
1,754000;-0,0155;0,2535;0,8838;0,920
1,757000;-0,0067;0,2486;0,9170;0,950
1,771000;0,0072;0,2588;0,9102;0,946
1,774000;-0,0121;0,2520;0,9551;0,988
1,782000;-0,0228;0,2833;0,9605;1,002
1,796000;-0,0272;0,3243;0,9629;1,016
1,802000;-0,0282;0,3370;0,9507;1,009
1,813000;-0,0375;0,3439;0,9629;1,023
1,822000;-0,0448;0,3404;0,9444;1,005
1,832000;-0,0619;0,3243;0,9077;0,966
1,842000;-0,0302;0,3375;0,8510;0,916
1,854000;-0,0307;0,3365;0,8857;0,948
1,869000;-0,0434;0,3233;0,8740;0,933
1,871000;-0,0395;0,3312;0,8999;0,960
1,889000;-0,0331;0,3610;0,9102;0,980
1,891000;-0,0311;0,3790;0,8818;0,960
1,905000;-0,0346;0,3668;0,9541;1,023
1,922000;-0,0204;0,3986;0,9463;1,027
1,923000;-0,0302;0,3937;0,8784;0,963
1,932000;-0,0321;0,4069;0,8965;0,985
1,941000;-0,0302;0,3893;0,9136;0,994
1,952000;-0,0145;0,3849;0,8994;0,978
1,963000;-0,0106;0,3908;0,8413;0,928
1,971000;-0,0287;0,4035;0,8808;0,969
1,982000;-0,0253;0,4044;0,8545;0,946
1,992000;-0,0258;0,4093;0,8740;0,965
2,001000;-0,0302;0,4211;0,9107;1,004
2,014000;-0,0414;0,4523;0,8657;0,978
2,021000;-0,0434;0,4479;0,8823;0,990
2,031000;-0,0483;0,4514;0,8755;0,986
2,041000;-0,0478;0,4416;0,8965;1,000
2,054000;-0,0502;0,4430;0,8750;0,982
2,062000;-0,0346;0,4694;0,8452;0,967
2,072000;-0,0331;0,4777;0,8432;0,970
2,086000;-0,0380;0,4792;0,8584;0,984
2,092000;-0,0307;0,4841;0,8398;0,970
2,102000;-0,0341;0,4753;0,8554;0,979
2,113000;-0,0390;0,4944;0,8256;0,963
2,122000;-0,0297;0,4963;0,8144;0,954
2,138000;-0,0292;0,5334;0,8261;0,984
2,142000;-0,0463;0,5427;0,8291;0,992
2,152000;-0,0487;0,5540;0,8222;0,993
2,162000;-0,0458;0,5647;0,8095;0,988
2,172000;-0,0443;0,5628;0,8100;0,987
2,183000;-0,0439;0,5598;0,7958;0,974
2,192000;-0,0448;0,5554;0,8027;0,977
2,204000;-0,0507;0,5735;0,7616;0,955
2,213000;-0,0551;0,5794;0,7870;0,979
2,222000;-0,0517;0,5711;0,8076;0,990
2,244000;-0,0468;0,5838;0,7978;0,990
2,247000;-0,0551;0,5769;0,8222;1,006
2,254000;-0,0443;0,5784;0,7792;0,971
2,263000;-0,0390;0,5843;0,8105;1,000
2,273000;-0,0399;0,6102;0,7802;0,991
2,285000;-0,0580;0,6077;0,7357;0,956
2,293000;-0,0595;0,6146;0,7328;0,958
2,302000;-0,0570;0,6219;0,7455;0,973
2,313000;-0,0614;0,6229;0,7699;0,992
2,323000;-0,0624;0,6233;0,7225;0,956
2,333000;-0,0570;0,6302;0,7118;0,952
2,346000;-0,0595;0,6458;0,7211;0,970
2,353000;-0,0663;0,6834;0,6825;0,968
2,363000;-0,0737;0,6800;0,7313;1,001
2,373000;-0,0839;0,6756;0,6624;0,950
2,383000;-0,1010;0,6639;0,6370;0,926
2,393000;-0,0947;0,6786;0,7206;0,994
2,406000;-0,0815;0,6375;0,6756;0,932
2,413000;-0,0727;0,6517;0,6918;0,953
2,423000;-0,0908;0,6834;0,6854;0,972
2,433000;-0,0820;0,6834;0,7128;0,991
2,443000;-0,0971;0,6893;0,6688;0,965
2,462000;-0,0771;0,7035;0,6991;0,995
2,465000;-0,0805;0,6869;0,6566;0,954
2,481000;-0,0634;0,7001;0,7030;0,994
2,484000;-0,0795;0,7128;0,6634;0,977
2,501000;-0,0839;0,7264;0,6429;0,974
2,503000;-0,1123;0,7318;0,7592;1,060
2,512000;-0,1450;0,6864;0,6287;0,942
2,522000;-0,1059;0,7260;0,6927;1,009
2,532000;-0,1049;0,7176;0,6116;0,949
2,542000;-0,1010;0,7108;0,6116;0,943
2,552000;-0,0756;0,7343;0,6790;1,003
2,562000;-0,0639;0,7401;0,6370;0,979
2,574000;-0,0531;0,7587;0,6395;0,994
2,582000;-0,0448;0,7308;0,6102;0,953
2,592000;-0,0492;0,7895;0,6273;1,010
2,602000;-0,1035;0,7831;0,6180;1,003
2,612000;-0,1386;0,7387;0,5999;0,962
2,629000;-0,1294;0,6957;0,6165;0,938
2,632000;-0,0522;0,7211;0,6224;0,954
2,646000;-0,0204;0,7216;0,5984;0,938
2,652000;-0,0570;0,7426;0,5530;0,928
2,663000;-0,0732;0,7470;0,5266;0,917
2,673000;-0,0712;0,7650;0,5447;0,942
2,682000;-0,0497;0,7563;0,6238;0,982
2,692000;-0,0253;0,7709;0,7025;1,043
2,702000;-0,0561;0,7909;0,7235;1,073
2,712000;-0,0707;0,7909;0,6888;1,051
2,731000;-0,0712;0,7914;0,6331;1,016
2,733000;-0,0624;0,7905;0,5452;0,962
2,745000;-0,0825;0,7748;0,5383;0,947
2,752000;-0,0888;0,7391;0,5598;0,931
2,762000;-0,0927;0,7333;0,5755;0,937
2,772000;-0,0903;0,7250;0,5882;0,938
2,782000;-0,0634;0,7406;0,6116;0,963
2,798000;-0,0522;0,7939;0,5979;0,995
2,802000;-0,0678;0,8510;0,5921;1,039
2,813000;-0,0996;0,8344;0,5764;1,019
2,822000;-0,1010;0,8012;0,5960;1,004
2,833000;-0,1152;0,7900;0,6053;1,002
2,853000;-0,0829;0,7636;0,5628;0,952
2,856000;-0,0595;0,7611;0,5300;0,929
2,868000;-0,0522;0,7543;0,5178;0,916
2,872000;-0,0473;0,7690;0,5134;0,926
2,882000;-0,0644;0,8012;0,5535;0,976
2,894000;-0,0600;0,7905;0,5388;0,959
2,902000;-0,0854;0,8095;0,5457;0,980
2,912000;-0,0600;0,8310;0,5393;0,992
2,923000;-0,0409;0,8144;0,5447;0,981
2,936000;-0,0512;0,8212;0,5755;1,004
2,961000;-0,0355;0,8056;0,5173;0,958
2,962000;-0,0551;0,7709;0,3893;0,865
2,963000;-0,0097;0,7157;0,3634;0,803
2,971000;-0,0238;0,7010;0,3424;0,781
2,981000;0,0111;0,6918;0,3800;0,789
2,991000;-0,0150;0,6849;0,3033;0,749
3,002000;-0,0048;0,8760;0,5334;1,026
3,011000;0,0000;0,8295;0,5877;1,017
3,021000;0,0600;0,9854;0,4572;1,088
3,032000;0,0341;0,7861;0,2603;0,829
3,042000;0,0654;0,8188;0,6747;1,063
3,056000;0,0732;0,7841;0,5457;0,958
3,071000;0,0610;0,8349;0,4562;0,953
3,073000;0,0336;0,8286;0,4992;0,968
3,092000;0,0282;0,8315;0,5266;0,985
3,094000;0,0199;0,8369;0,5232;0,987
3,102000;0,0165;0,8466;0,5100;0,989
3,112000;-0,0331;0,8452;0,5017;0,983
3,122000;-0,0170;0,8305;0,5119;0,976
3,132000;-0,0136;0,8374;0,5100;0,981
3,142000;0,0180;0,8462;0,5071;0,987
3,152000;0,0351;0,8393;0,5159;0,986
3,168000;0,0478;0,8711;0,4851;0,998
3,172000;0,0605;0,8896;0,4528;1,000
3,186000;0,0492;0,8784;0,4602;0,993
3,191000;0,0487;0,8657;0,4797;0,991
3,201000;0,0355;0,8657;0,4729;0,987
3,215000;0,0419;0,8804;0,4719;1,000
3,222000;0,0365;0,8721;0,4787;0,995
3,232000;0,0385;0,8960;0,4553;1,006
3,242000;0,0277;0,8965;0,4518;1,004
3,258000;0,0268;0,9048;0,4030;0,991
3,263000;-0,0023;0,8936;0,4279;0,991
3,272000;-0,0326;0,8862;0,4689;1,003
3,281000;-0,0106;0,8706;0,4421;0,976
3,291000;0,0097;0,8628;0,4426;0,970
3,301000;0,0365;0,8530;0,4284;0,955
3,311000;0,0654;0,8667;0,4860;0,996
3,321000;0,0683;0,8506;0,4738;0,976
3,338000;0,0478;0,8764;0,4064;0,967
3,345000;-0,0092;0,8603;0,4616;0,976
3,364000;0,0013;0,8804;0,4489;0,988
3,367000;0,0087;0,8769;0,3238;0,935
3,371000;0,0111;0,8799;0,3619;0,951
3,383000;0,0136;0,8701;0,4250;0,968
3,391000;0,0111;0,8828;0,4162;0,976
3,401000;-0,0243;0,8706;0,3815;0,951
3,411000;-0,0522;0,8896;0,4059;0,979
3,421000;-0,0219;0,9063;0,3751;0,981
3,443000;0,0272;0,9185;0,3253;0,975
3,446000;0,0170;0,9180;0,3199;0,972
3,461000;0,0150;0,9180;0,3395;0,979
3,463000;0,0150;0,9170;0,3419;0,979
3,479000;0,0184;0,9155;0,3492;0,980
3,481000;0,0184;0,9155;0,3527;0,981
3,491000;0,0160;0,9165;0,3605;0,985
3,501000;0,0140;0,9155;0,3561;0,982
3,511000;0,0189;0,9165;0,3439;0,979
3,521000;0,0170;0,9209;0,3238;0,976
3,531000;0,0165;0,9194;0,3189;0,973
3,546000;0,0150;0,9238;0,3263;0,980
3,564000;0,0150;0,9219;0,3312;0,980
3,565000;0,0175;0,9199;0,3395;0,981
3,582000;0,0155;0,9219;0,3375;0,982
3,584000;0,0180;0,9229;0,3316;0,981
3,591000;0,0165;0,9229;0,3341;0,982
3,602000;0,0175;0,9238;0,3356;0,983
3,611000;0,0170;0,9219;0,3375;0,982
3,621000;0,0160;0,9209;0,3404;0,982
3,631000;0,0189;0,9238;0,3214;0,978
3,643000;0,0140;0,9263;0,3199;0,980
3,663000;0,0170;0,9263;0,3185;0,980
3,665000;0,0194;0,9258;0,3150;0,978
3,681000;0,0175;0,9234;0,3302;0,981
3,684000;0,0199;0,9273;0,3180;0,980
3,691000;0,0175;0,9268;0,3165;0,979
3,701000;0,0189;0,9282;0,3180;0,981
3,711000;0,0121;0,9307;0,3219;0,985
3,721000;0,0145;0,9351;0,2935;0,980
3,731000;0,0219;0,9331;0,2901;0,977
3,741000;0,0199;0,9302;0,2935;0,976
3,751000;0,0175;0,9331;0,2916;0,978
3,766000;0,0136;0,9346;0,2935;0,980
3,784000;0,0140;0,9419;0,2662;0,979
3,787000;0,0326;0,9297;0,2564;0,965
3,802000;0,0009;0,9463;0,2750;0,985
3,805000;0,0082;0,9414;0,2823;0,983
3,811000;0,0184;0,9375;0,2901;0,982
3,822000;0,0175;0,9434;0,2603;0,979
3,831000;-0,0082;0,9576;0,2701;0,995
3,841000;-0,0248;0,9703;0,1997;0,991
3,852000;-0,0746;1,0396;0,1924;1,060
3,864000;-0,0180;0,9888;0,2403;1,018
3,885000;0,0224;0,9512;0,2715;0,989
3,887000;0,0204;0,9468;0,2818;0,988
3,903000;0,0106;1,0035;0,1890;1,021
3,905000;0,1230;1,0875;0,3053;1,136
3,911000;0,1225;1,0323;0,4137;1,119
3,921000;0,1377;0,9493;0,3893;1,035
3,931000;0,1357;0,8677;0,4005;0,965
3,955000;0,1079;0,8452;0,4372;0,958
3,957000;-0,1000;0,5608;0,3356;0,661
3,962000;-0,0463;0,7861;0,3136;0,848
3,972000;-0,0693;0,7997;0,3468;0,874
3,981000;0,0434;0,7787;0,3365;0,849
3,997000;0,2027;0,8344;0,4387;0,964
4,001000;0,1225;0,8124;0,4054;0,916
4,011000;0,2334;0,8452;0,4377;0,980
4,021000;0,1406;0,7045;0,4001;0,822
4,031000;0,1083;0,9962;0,3786;1,071
4,049000;0,1132;0,8466;0,3663;0,929
4,052000;0,1753;0,9405;0,4587;1,061
4,070000;0,0883;0,8887;0,5589;1,053
4,072000;0,0981;0,8706;0,4821;1,000
4,088000;0,1079;0,9102;0,4626;1,027
4,092000;0,1054;0,9317;0,4509;1,040
4,101000;0,1044;0,8764;0,4880;1,009
4,112000;0,0917;0,8843;0,4743;1,008
4,122000;0,1074;0,9107;0,4870;1,038
4,132000;0,1245;0,8701;0,5017;1,012
4,154000;0,1347;0,8804;0,5237;1,033
4,157000;0,1074;0,8652;0,4890;1,000
4,161000;0,0751;0,8501;0,4289;0,955
4,183000;0,0634;0,8403;0,4328;0,947
4,185000;0,0585;0,8413;0,4167;0,941
4,191000;0,0570;0,8667;0,4010;0,957
4,202000;0,0649;0,9019;0,4479;1,009
4,212000;0,0658;0,8940;0,4445;1,001
4,221000;0,0888;0,9287;0,4582;1,039
4,231000;0,0771;0,8936;0,4157;0,989
4,241000;0,0732;0,9097;0,3590;0,981
4,254000;0,0439;0,9180;0,3331;0,978
4,261000;0,0287;0,9385;0,3043;0,987
4,278000;0,0346;0,9551;0,2872;0,998
4,281000;0,0439;0,9825;0,2970;1,027
4,291000;0,0463;0,9620;0,2750;1,002
4,301000;0,0531;0,9683;0,2676;1,006
4,313000;0,0961;0,9629;0,2207;0,993
4,321000;0,0873;0,9439;0,1733;0,964
4,332000;0,0351;0,9771;0,1572;0,990
4,341000;0,0346;0,9815;0,1851;0,999
4,351000;0,0272;0,9087;0,0468;0,910
4,371000;0,0439;0,9576;0,0961;0,963
4,374000;0,0727;0,9698;0,1152;0,979
4,401000;0,0204;0,9791;-0,0311;0,980
4,403000;0,0004;0,9541;-0,0727;0,957
4,404000;0,0321;1,0157;-0,0199;1,016
4,411000;0,0360;1,0279;0,0888;1,032
4,420000;0,0263;0,9986;0,1709;1,013
4,436000;0,0277;0,9708;0,1792;0,988
4,441000;0,0258;0,9551;0,1523;0,968
4,458000;0,0000;0,9517;0,0351;0,952
4,460000;-0,0258;0,9668;0,0062;0,967
4,476000;-0,0258;0,9683;0,0048;0,969
4,480000;0,0067;0,9644;0,0209;0,965
4,491000;0,0092;0,9722;-0,0062;0,972
4,500000;0,0219;0,9703;-0,0390;0,971
4,511000;0,0282;0,9712;-0,0707;0,974
4,521000;0,0800;0,9190;-0,0649;0,925
4,542000;0,1088;0,9116;-0,0473;0,919
4,545000;0,1211;0,9229;-0,0321;0,931
4,568000;0,0815;0,9380;-0,0365;0,942
4,569000;0,0624;1,0191;-0,0888;1,025
4,570000;0,0067;0,7631;-0,1704;0,782
4,587000;-0,0756;1,0172;0,0116;1,020
4,591000;-0,0658;1,0572;0,0160;1,059
4,602000;-0,0815;1,0015;-0,0429;1,006
4,611000;-0,0404;1,0069;0,0067;1,008
4,620000;-0,0184;0,9541;-0,0214;0,955
4,631000;0,0111;0,9742;-0,0380;0,975
4,641000;0,0184;0,9761;-0,0575;0,978
4,666000;0,0331;0,9639;-0,0986;0,970
4,668000;0,0346;0,9683;-0,1518;0,981
4,670000;0,0761;1,0054;-0,0639;1,010
4,680000;0,0473;0,9561;-0,0590;0,959
4,690000;0,0727;0,9634;-0,0170;0,966
4,701000;-0,0287;0,8471;-0,1968;0,870
4,711000;-0,0043;0,9121;-0,1978;0,933
4,720000;0,0311;0,9488;-0,1709;0,965
4,731000;-0,0297;1,0870;-0,1533;1,098
4,742000;-0,1049;1,0914;-0,2149;1,117
4,767000;0,0463;0,8579;-0,2222;0,887
4,769000;-0,0365;0,7714;-0,2432;0,810
4,770000;-0,0873;1,0519;-0,2056;1,075
4,780000;0,0184;1,1403;0,0092;1,140
4,790000;-0,0292;1,0470;-0,0761;1,050
4,800000;-0,0737;0,9038;-0,1943;0,927
4,810000;0,0355;1,0221;-0,1455;1,033
4,820000;-0,0038;1,0812;-0,1123;1,087
4,830000;0,0937;0,8672;-0,1929;0,893
4,849000;0,0194;0,8950;-0,1616;0,910
4,851000;-0,0434;1,0162;-0,1992;1,036
4,860000;-0,0097;0,9576;-0,1895;0,976
4,872000;0,0649;0,9292;-0,1562;0,944
4,880000;0,0170;0,9893;-0,1626;1,003
4,891000;0,0311;0,9414;-0,1347;0,952
4,900000;0,0165;0,9610;-0,1802;0,978
4,910000;-0,0097;0,9620;-0,2398;0,991
4,922000;0,0483;0,9238;-0,3761;0,999
4,930000;-0,0116;0,9571;-0,4093;1,041
4,940000;-0,0331;1,0133;-0,2970;1,056
4,950000;0,0585;0,9199;-0,1147;0,929
4,962000;0,0346;0,9624;0,0072;0,963
4,988000;0,0189;0,9869;-0,0478;0,988
4,989000;0,0238;0,9566;-0,2295;0,984
4,992000;0,0522;0,9214;-0,1880;0,942
5,000000;0,0302;0,8955;-0,1831;0,915
5,010000;0,0424;0,8877;-0,2188;0,915
5,022000;0,0522;0,8887;-0,2603;0,927
5,030000;0,0448;0,9224;-0,3531;0,989
5,043000;0,0028;0,8564;-0,3238;0,916
5,051000;-0,0101;0,8076;-0,2657;0,850
5,065000;0,0057;0,8261;-0,3150;0,884
5,071000;0,0199;0,8095;-0,3663;0,889
5,091000;0,0131;0,7851;-0,3957;0,879
5,093000;-0,0048;0,7665;-0,3991;0,864
5,101000;0,0101;0,7782;-0,4875;0,918
5,110000;-0,0106;0,7406;-0,5217;0,906
5,120000;-0,0214;0,7206;-0,5266;0,893
5,130000;-0,0458;0,8017;-0,6522;1,034
5,152000;-0,0507;0,8183;-0,6561;1,050
5,155000;-0,0219;0,7856;-0,6644;1,029
5,173000;0,0233;0,7318;-0,7699;1,062
5,175000;0,1308;0,6820;-0,9649;1,189
5,180000;0,1426;0,6703;-0,8735;1,110
5,191000;0,1426;0,6468;-0,7611;1,009
5,200000;0,1494;0,6312;-0,7475;0,990
5,210000;0,1650;0,5589;-0,9639;1,126
5,219000;0,1572;0,4724;-1,0831;1,192
5,230000;0,1592;0,4103;-1,1335;1,216
5,252000;0,1470;0,3776;-1,1168;1,188
5,255000;0,1269;0,3649;-1,0416;1,111
5,271000;0,1323;0,3160;-0,9810;1,039
5,273000;0,1255;0,2603;-0,9341;0,978
5,290000;0,0912;0,2070;-0,8344;0,865
5,292000;0,1308;0,1802;-0,8686;0,897
5,300000;0,1826;0,1494;-0,8721;0,903
5,310000;0,1816;0,1025;-0,7905;0,818
5,321000;0,1831;0,0790;-0,8247;0,848
5,331000;0,2344;0,1562;-0,9395;0,981
5,341000;0,2593;0,2598;-0,9678;1,035
5,354000;0,2461;0,2017;-0,9336;0,986
5,385000;0,2271;0,1513;-0,9214;0,961
5,387000;0,2139;0,1396;-0,9297;0,964
5,388000;0,2598;0,1797;-0,9517;1,003
5,390000;0,3297;0,1895;-1,0172;1,086
5,403000;0,3756;0,1738;-0,9786;1,062
5,412000;0,4338;0,1455;-0,8701;0,983
5,420000;0,4172;0,1572;-0,9844;1,081
5,430000;0,4137;0,1225;-0,9976;1,087
5,440000;0,3942;0,1083;-1,0181;1,097
5,451000;0,3888;0,1250;-1,0421;1,119
5,460000;0,3707;0,1499;-1,0123;1,088
5,471000;0,3468;0,1597;-0,9688;1,041
5,490000;0,3209;0,1743;-0,9409;1,009
5,492000;0,2935;0,1660;-0,8970;0,958
5,500000;0,3038;0,1489;-0,8691;0,933
5,510000;0,3189;0,1264;-0,8618;0,928
5,520000;0,3414;0,1040;-0,8549;0,926
5,542000;0,3610;0,0849;-0,8540;0,931
5,546000;0,3610;0,0834;-0,8633;0,939
5,580000;0,3707;0,0849;-0,8452;0,927
5,582000;0,3908;0,0751;-0,7934;0,888
5,583000;0,3981;0,0693;-0,7792;0,878
5,583000;0,3981;0,0663;-0,7699;0,869
5,590000;0,4044;0,0575;-0,7543;0,858
5,600000;0,4255;0,0385;-0,7064;0,826
5,610000;0,4137;0,0180;-0,7167;0,828
5,620000;0,4001;0,0028;-0,7387;0,840
5,637000;0,3908;-0,0165;-0,8476;0,934
5,640000;0,3947;-0,0184;-0,8979;0,981
5,658000;0,3971;-0,0189;-0,9292;1,011
5,660000;0,4088;-0,0272;-0,9468;1,032
5,677000;0,4172;-0,0702;-0,9532;1,043
5,680000;0,4010;-0,0810;-0,9292;1,015
5,690000;0,3942;-0,0834;-0,9165;1,001
5,700000;0,4020;-0,0903;-0,9082;0,997
5,710000;0,4362;-0,0785;-0,8794;0,985
5,721000;0,4489;-0,0898;-0,8931;1,004
5,731000;0,4553;-0,0956;-0,8999;1,013
5,740000;0,4186;-0,0834;-0,9238;1,018
5,763000;0,3961;-0,0746;-0,9439;1,026
5,768000;0,4001;-0,0741;-0,9312;1,016
5,774000;0,3991;-0,0922;-0,9365;1,022
5,780000;0,3683;-0,1054;-0,9634;1,037
5,791000;0,3605;-0,0996;-0,9434;1,015
5,809000;0,3546;-0,0986;-0,9111;0,983
5,812000;0,3400;-0,1015;-0,8711;0,941
5,820000;0,3649;-0,0654;-0,8564;0,933
5,830000;0,3937;-0,0478;-0,8354;0,925
5,842000;0,3742;-0,0463;-0,8598;0,939
5,851000;0,2999;-0,1211;-1,0611;1,109
5,868000;0,3654;-0,2378;-1,0108;1,101
5,871000;0,3844;-0,3927;-0,8696;1,029
5,880000;0,2740;-0,4416;-0,8901;1,031
5,890000;0,2349;-0,2628;-1,0983;1,153
5,902000;0,3478;-0,1948;-1,0084;1,084
5,910000;0,3492;-0,2012;-0,9541;1,036
5,922000;0,2974;-0,2965;-0,8217;0,923
5,930000;0,3292;-0,2823;-0,8427;0,948
5,940000;0,3683;-0,2686;-0,8320;0,949
5,963000;0,3756;-0,2701;-0,8090;0,932
5,966000;0,2530;-0,3087;-0,8203;0,912
5,990000;0,1645;-0,3219;-0,8506;0,924
5,992000;0,1049;-0,3316;-0,8857;0,952
5,993000;0,0927;-0,3707;-0,8872;0,966
5,999000;0,1118;-0,3981;-0,8608;0,955
6,009000;0,1342;-0,4259;-0,8447;0,955
6,021000;0,1440;-0,4362;-0,8266;0,946
6,030000;0,1645;-0,3996;-0,7939;0,904
6,040000;0,1826;-0,3771;-0,8012;0,904
6,050000;0,1968;-0,3580;-0,7958;0,895
6,063000;0,1924;-0,3546;-0,7978;0,894
6,092000;0,1684;-0,4181;-0,8173;0,933
6,095000;0,1484;-0,4450;-0,8354;0,958
6,095000;0,1259;-0,4660;-0,8774;1,001
6,099000;0,0976;-0,4885;-0,9463;1,069
6,112000;0,0917;-0,4885;-0,9507;1,073
6,122000;0,0932;-0,4885;-0,9434;1,066
6,129000;0,1069;-0,4826;-0,9194;1,044
6,141000;0,1259;-0,4821;-0,8779;1,009
6,150000;0,1255;-0,4821;-0,8691;1,002
6,172000;0,1206;-0,4812;-0,8735;1,005
6,174000;0,0952;-0,4670;-0,8442;0,969
6,179000;0,0829;-0,4514;-0,8247;0,944
6,193000;0,0727;-0,4362;-0,8183;0,930
6,199000;0,0741;-0,4323;-0,8227;0,932
6,212000;0,0346;-0,4689;-0,8706;0,989
6,219000;0,0321;-0,4787;-0,8613;0,986
6,230000;0,0463;-0,4934;-0,8462;0,981
6,250000;0,0258;-0,5154;-0,8398;0,986
6,254000;0,0194;-0,4939;-0,8535;0,986
6,274000;0,0766;-0,4792;-0,8251;0,957
6,276000;0,1132;-0,4831;-0,7558;0,904
6,280000;-0,0038;-0,5276;-0,8295;0,983
6,293000;-0,0272;-0,5417;-0,8506;1,009
6,299000;-0,0131;-0,5589;-0,8769;1,040
6,310000;-0,0028;-0,5901;-0,8955;1,072
6,319000;-0,0409;-0,6087;-0,8510;1,047
6,329000;-0,0375;-0,6175;-0,8036;1,014
6,352000;-0,0302;-0,6302;-0,7792;1,003
6,356000;-0,0429;-0,6448;-0,7709;1,006
6,380000;-0,0385;-0,6551;-0,7646;1,008
6,382000;-0,0399;-0,6561;-0,7435;0,992
6,383000;-0,0375;-0,6580;-0,7333;0,986
6,390000;-0,0326;-0,6610;-0,7460;0,997
6,400000;-0,0238;-0,6747;-0,7348;0,998
6,411000;-0,0429;-0,6786;-0,7357;1,002
6,420000;-0,0478;-0,6976;-0,7489;1,025
6,430000;-0,0478;-0,7142;-0,7391;1,029
6,440000;-0,0463;-0,7264;-0,7113;1,018
6,450000;-0,0605;-0,7421;-0,6942;1,018
6,470000;-0,0639;-0,7865;-0,7040;1,057
6,475000;-0,0443;-0,8046;-0,6717;1,049
6,499000;-0,0336;-0,8266;-0,6404;1,046
6,501000;-0,0473;-0,8251;-0,5960;1,019
6,502000;-0,0566;-0,8173;-0,5867;1,008
6,521000;-0,0658;-0,8134;-0,5896;1,007
6,523000;-0,0624;-0,8105;-0,5950;1,007
6,529000;-0,0746;-0,7782;-0,5662;0,965
6,539000;-0,0839;-0,7797;-0,5686;0,969
6,550000;-0,0766;-0,7885;-0,5589;0,969
6,575000;-0,0561;-0,8080;-0,5193;0,962
6,578000;-0,0526;-0,8041;-0,4499;0,923
6,580000;-0,0629;-0,8134;-0,4494;0,931
6,589000;-0,0732;-0,8129;-0,4465;0,930
6,599000;-0,0644;-0,8129;-0,4157;0,915
6,609000;-0,0541;-0,8178;-0,4181;0,920
6,619000;-0,0546;-0,8339;-0,4445;0,947
6,629000;-0,0512;-0,8496;-0,4455;0,961
6,639000;-0,0834;-0,8633;-0,4567;0,980
6,654000;-0,0932;-0,8691;-0,4572;0,986
6,659000;-0,0971;-0,8745;-0,4435;0,985
6,684000;-0,0815;-0,8808;-0,4059;0,973
6,687000;-0,0820;-0,8857;-0,4035;0,977
6,689000;-0,0781;-0,8940;-0,3898;0,978
6,703000;-0,0781;-0,9116;-0,3800;0,991
6,709000;-0,0575;-0,9126;-0,3126;0,966
6,719000;-0,0771;-0,9273;-0,3859;1,007
6,732000;-0,0869;-0,9400;-0,4250;1,035
6,739000;-0,0844;-0,9336;-0,3947;1,017
6,752000;-0,0678;-0,9185;-0,3131;0,973
6,760000;-0,0639;-0,9190;-0,3263;0,977
6,782000;-0,0702;-0,9194;-0,3429;0,984
6,783000;-0,0732;-0,9170;-0,3067;0,970
6,789000;-0,0668;-0,9234;-0,2764;0,966
6,800000;-0,0590;-0,9273;-0,2442;0,961
6,809000;-0,0580;-0,9322;-0,2212;0,960
6,820000;-0,0522;-0,9493;-0,2163;0,975
6,829000;-0,0487;-0,9546;-0,2183;0,980
6,839000;-0,0492;-0,9620;-0,2217;0,988
6,856000;-0,0463;-0,9551;-0,2315;0,984
6,859000;-0,0531;-0,9512;-0,2359;0,981
6,889000;-0,0610;-0,9468;-0,2344;0,977
6,891000;-0,0678;-0,9522;-0,2398;0,984
6,891000;-0,0595;-0,9620;-0,2329;0,992
6,909000;-0,0448;-0,9639;-0,2105;0,988
6,911000;-0,0380;-0,9761;-0,1865;0,995
6,919000;-0,0355;-0,9976;-0,1509;1,010
6,929000;-0,0468;-0,9957;-0,1430;1,007
6,939000;-0,0605;-1,0050;-0,1411;1,017
6,960000;-0,0629;-1,0123;-0,1318;1,023
6,962000;-0,0614;-0,9722;-0,0668;0,976
6,990000;-0,0297;-0,9825;-0,0688;0,985
6,992000;-0,0077;-1,0015;-0,0776;1,005
6,994000;-0,0072;-0,9874;-0,0732;0,990
7,008000;-0,0272;-0,9756;-0,0321;0,977
7,009000;-0,0341;-0,9732;-0,0077;0,974
7,021000;-0,0375;-0,9678;0,0184;0,969
7,029000;-0,0082;-0,9688;0,0688;0,971
7,039000;-0,0087;-0,9698;0,0937;0,974
7,064000;-0,0150;-0,9722;0,1025;0,978
7,069000;-0,0194;-0,9776;0,1103;0,984
7,071000;-0,0121;-0,9678;0,1240;0,976
7,092000;0,0009;-0,9659;0,1259;0,974
7,093000;0,0057;-0,9644;0,1181;0,972
7,099000;-0,0272;-0,9580;0,1132;0,965
7,111000;0,0180;-0,9688;0,1259;0,977
7,121000;0,0311;-0,9839;0,1382;0,994
7,129000;0,0155;-0,9883;0,1342;0,998
7,140000;-0,0268;-1,0157;0,1171;1,023
7,150000;-0,0336;-1,0157;0,1113;1,022
7,170000;-0,0390;-1,0010;0,0961;1,006
7,173000;-0,0243;-0,9981;0,0746;1,001
7,178000;0,0087;-0,9854;0,0869;0,989
7,198000;0,0023;-0,9830;0,1020;0,988
7,200000;-0,0018;-0,9879;0,1171;0,995
7,219000;0,0224;-0,9815;0,1895;1,000
7,221000;-0,0136;-0,9644;0,2017;0,985
7,229000;-0,0311;-0,9561;0,2007;0,977
7,239000;0,0038;-0,9439;0,2158;0,968
7,249000;-0,1123;-0,9136;0,2163;0,946
7,262000;-0,0434;-0,9336;0,2764;0,975
7,291000;0,0600;-0,9238;0,3590;0,993
7,292000;0,0834;-0,9111;0,3644;0,985
7,293000;0,0385;-0,9326;0,3419;0,994
7,298000;0,0199;-0,9444;0,3390;1,004
7,311000;0,0624;-0,9146;0,3800;0,992
7,318000;0,0292;-0,8965;0,3947;0,980
7,328000;0,0321;-0,9126;0,4318;1,010
7,345000;0,0311;-0,9155;0,4333;1,013
7,348000;0,0199;-0,9551;0,4426;1,053
7,373000;0,0184;-0,9541;0,4328;1,048
7,375000;0,0145;-0,9639;0,4289;1,055
7,378000;-0,0189;-0,9463;0,4005;1,028
7,393000;0,0605;-0,8950;0,3834;0,976
7,398000;0,0746;-0,8916;0,3800;0,972
7,408000;0,0375;-0,8936;0,3522;0,961
7,418000;0,0219;-0,9107;0,3517;0,976
7,428000;0,0009;-0,9194;0,4113;1,007
7,452000;0,0282;-0,8887;0,4450;0,994
7,455000;0,0336;-0,8559;0,4538;0,969
7,458000;0,0385;-0,8804;0,4753;1,001
7,468000;0,0678;-0,8789;0,4631;0,996
7,479000;0,0483;-0,8936;0,4250;0,991
7,489000;0,0585;-0,9175;0,4294;1,015
7,499000;0,0297;-0,9185;0,4172;1,009
7,509000;0,0390;-0,9214;0,4733;1,037
7,518000;0,0439;-0,8931;0,5320;1,040
7,528000;0,0282;-0,8383;0,5852;1,023
7,539000;0,0859;-0,7665;0,5891;0,971
7,561000;0,1211;-0,7455;0,5720;0,947
7,564000;0,1308;-0,7426;0,5593;0,939
7,569000;0,1206;-0,7543;0,5496;0,941
7,589000;0,1196;-0,7440;0,5593;0,938
7,591000;0,1049;-0,7431;0,5589;0,936
7,598000;0,0805;-0,7509;0,5593;0,940
7,609000;0,0590;-0,7670;0,5701;0,957
7,618000;0,0228;-0,7563;0,5510;0,936
7,629000;0,0634;-0,7391;0,5891;0,947
7,639000;0,0737;-0,7162;0,6175;0,948
7,651000;0,0654;-0,7406;0,6717;1,002
7,676000;0,0746;-0,7509;0,7172;1,041
7,678000;0,0790;-0,7074;0,7162;1,010
7,679000;0,1088;-0,6566;0,7475;1,001
7,688000;0,1167;-0,6326;0,7509;0,989
7,698000;0,1333;-0,6111;0,7621;0,986
7,711000;0,1597;-0,5906;0,7807;0,992
7,719000;0,1587;-0,5808;0,7821;0,987
7,729000;0,1577;-0,5750;0,7939;0,993
7,739000;0,1440;-0,5676;0,7939;0,987
7,749000;0,1147;-0,5593;0,7817;0,968
7,760000;0,1000;-0,5667;0,7709;0,962
7,785000;0,0781;-0,5901;0,7719;0,975
7,789000;0,0424;-0,6116;0,7973;1,006
7,790000;0,0478;-0,5838;0,8051;0,996
7,809000;0,0668;-0,5422;0,8217;0,987
7,810000;0,0888;-0,5017;0,8281;0,972
7,818000;0,0732;-0,4460;0,7988;0,918
7,830000;0,1162;-0,4118;0,8056;0,912
7,838000;0,1382;-0,3800;0,7660;0,866
7,848000;0,1450;-0,3898;0,7514;0,859
7,858000;0,1103;-0,4528;0,7802;0,909
7,870000;0,0932;-0,4641;0,8325;0,958
7,878000;0,0766;-0,4631;0,8901;1,006
7,894000;0,0458;-0,4172;0,9761;1,063
7,898000;0,0497;-0,3854;0,9966;1,070
7,907000;0,0614;-0,3566;0,9952;1,059
7,918000;0,0795;-0,3365;0,9898;1,048
7,927000;0,1127;-0,3297;0,9488;1,011
7,938000;0,1152;-0,3473;0,9282;0,998
7,962000;0,1015;-0,3536;0,9317;1,002
7,964000;0,1157;-0,3136;0,9649;1,021
7,967000;0,1113;-0,2784;0,9703;1,016
7,977000;0,1069;-0,2486;0,9698;1,007
7,987000;0,1074;-0,2310;0,9576;0,991
8,007000;0,0839;-0,2461;0,9390;0,974
8,009000;0,0815;-0,2755;0,9483;0,991
8,018000;0,0307;-0,2799;0,9292;0,971
8,027000;0,0385;-0,2481;0,9756;1,007
8,037000;0,0668;-0,1924;0,9507;0,972
8,056000;0,0693;-0,1875;0,9771;0,997
8,058000;0,0815;-0,1792;0,9839;1,003
8,081000;0,0883;-0,1665;0,9844;1,002
8,083000;0,0883;-0,1626;1,0094;1,026
8,087000;0,0903;-0,1606;1,0186;1,035
8,097000;0,0908;-0,1572;1,0015;1,018
8,107000;0,1040;-0,1411;0,9771;0,993
8,117000;0,1093;-0,1298;0,9732;0,988
8,127000;0,1186;-0,1240;0,9668;0,982
8,138000;0,1206;-0,1108;0,9654;0,979
8,148000;0,1181;-0,1000;0,9815;0,994
8,163000;0,1132;-0,0996;0,9957;1,007
8,168000;0,1015;-0,0996;0,9986;1,009
8,178000;0,0976;-0,0883;0,9991;1,008
8,196000;0,0981;-0,0776;1,0045;1,012
8,198000;0,0991;-0,0644;1,0006;1,008
8,216000;0,1030;-0,0531;0,9849;0,992
8,218000;0,1088;-0,0546;0,9722;0,980
8,227000;0,1167;-0,0546;0,9615;0,970
8,237000;0,1245;-0,0795;0,9756;0,987
8,247000;0,1103;-0,0522;0,9937;1,001
8,260000;0,1406;-0,0316;0,9698;0,980
8,286000;0,1338;-0,0341;0,9214;0,932
8,287000;0,1313;-0,0419;0,9336;0,944
8,288000;0,0981;-0,0702;0,9439;0,952
8,297000;0,0815;-0,1079;0,9703;0,980
8,307000;0,0409;-0,1162;0,9664;0,974
8,320000;0,0566;-0,0463;1,0059;1,009
8,327000;0,0585;-0,0224;0,9923;0,994
8,338000;0,0722;-0,0023;0,9937;0,996
8,347000;0,0917;0,0077;0,9957;1,000
8,357000;0,0961;-0,0043;0,9800;0,985
8,367000;0,0932;-0,0160;0,9888;0,993
8,377000;0,0898;-0,0224;0,9932;0,998
8,404000;0,0570;-0,0492;1,0010;1,004
8,406000;0,0605;-0,0189;1,0108;1,013
8,407000;0,0903;0,0038;1,0181;1,022
8,417000;0,0810;0,0087;0,9742;0,978
8,427000;0,0781;0,0126;0,9962;0,999
8,445000;0,0785;0,0053;0,9957;0,999
8,447000;0,0785;-0,0018;0,9903;0,993
8,470000;0,0732;-0,0067;0,9942;0,997
8,472000;0,0820;-0,0028;1,0147;1,018
8,477000;0,0937;0,0033;1,0313;1,036
8,491000;0,0815;0,0092;1,0269;1,030
8,497000;0,1250;0,0727;1,0245;1,035
8,507000;0,1264;0,0746;0,9908;1,002
8,517000;0,1196;0,0585;0,9971;1,006
8,527000;0,0898;0,0253;0,9918;0,996
8,551000;0,0864;0,0199;0,9908;0,995
8,554000;0,0761;0,0199;0,9693;0,972
8,557000;0,0663;0,0292;0,9864;0,989
8,567000;0,0771;0,0585;1,0133;1,018
8,580000;0,0864;0,0575;1,0098;1,015
8,587000;0,4323;0,2041;1,3304;1,414
8,600000;0,0805;-0,0785;0,9111;0,918
8,609000;0,0922;-0,0297;1,1574;1,161
8,617000;0,0253;-0,0268;0,9424;0,943
8,627000;0,0707;-0,0013;1,0069;1,009
8,637000;0,0912;0,0365;0,9644;0,969
8,648000;0,0996;0,0243;0,9830;0,988
8,670000;0,0829;0,0097;0,9668;0,970
8,674000;0,1680;0,0707;0,8281;0,848
8,706000;0,1342;0,0316;1,0103;1,020
8,708000;0,0385;0,0473;0,9063;0,908
8,708000;0,0395;0,0228;1,0680;1,069
8,709000;0,0048;-0,0018;1,0362;1,036
8,717000;-0,1489;0,0634;1,6665;1,674
8,727000;0,0996;-0,0004;0,8784;0,884
8,737000;0,0341;-0,0180;0,9649;0,966
8,747000;0,0351;-0,0053;0,9898;0,990
8,771000;0,0346;-0,0097;0,9839;0,985
8,775000;0,0355;-0,0082;0,9854;0,986
8,802000;0,0326;-0,0053;0,9825;0,983
8,803000;0,0316;-0,0062;0,9830;0,983
8,804000;0,0302;-0,0053;0,9830;0,983
8,807000;0,0311;-0,0067;0,9849;0,985
8,822000;0,0307;-0,0048;0,9835;0,984
8,829000;0,0302;-0,0067;0,9864;0,987
8,837000;0,0316;-0,0048;0,9835;0,984
8,847000;0,0307;-0,0053;0,9844;0,985
8,858000;0,0302;-0,0062;0,9869;0,987
8,877000;0,0316;-0,0053;0,9859;0,986
8,879000;0,0287;-0,0038;0,9835;0,984
8,888000;0,0253;-0,0009;0,9859;0,986
8,914000;0,0307;-0,0033;0,9820;0,982
8,916000;0,0331;-0,0072;0,9864;0,987
8,917000;0,0326;-0,0082;0,9835;0,984
8,935000;0,0307;-0,0043;0,9835;0,984
8,937000;0,0297;-0,0038;0,9830;0,983
8,947000;0,0302;-0,0023;0,9835;0,984
8,957000;0,0292;-0,0028;0,9864;0,987
8,972000;0,0311;-0,0043;0,9854;0,986
9,020000;0,0341;-0,0062;0,9810;0,982
9,023000;0,0355;-0,0087;0,9854;0,986
9,024000;0,0307;-0,0048;0,9849;0,985
9,024000;0,0307;-0,0048;0,9849;0,985
9,024000;0,0311;-0,0048;0,9835;0,984
9,026000;0,0321;-0,0087;0,9835;0,984
9,040000;0,0307;-0,0053;0,9854;0,986
9,048000;0,0302;-0,0057;0,9839;0,984
9,057000;0,0311;-0,0053;0,9859;0,986
9,072000;0,0297;-0,0072;0,9859;0,986
9,077000;0,0297;-0,0043;0,9844;0,985
9,103000;0,0311;-0,0062;0,9849;0,985
9,105000;0,0316;-0,0043;0,9839;0,984
9,106000;0,0307;-0,0038;0,9825;0,983
9,124000;0,0307;-0,0057;0,9844;0,985
9,127000;0,0307;-0,0053;0,9874;0,988
9,137000;0,0307;-0,0053;0,9859;0,986
9,159000;0,0311;-0,0062;0,9869;0,987
9,161000;0,0307;-0,0033;0,9859;0,986
9,195000;0,0307;-0,0062;0,9844;0,985
9,197000;0,0302;-0,0033;0,9839;0,984
9,198000;0,0297;-0,0043;0,9859;0,986
9,198000;0,0307;-0,0043;0,9844;0,985
9,207000;0,0307;-0,0062;0,9805;0,981
9,218000;0,0307;-0,0077;0,9844;0,985
9,226000;0,0311;-0,0033;0,9830;0,983
9,236000;0,0311;-0,0038;0,9835;0,984
9,247000;0,0302;-0,0038;0,9883;0,989
9,259000;0,0311;-0,0043;0,9844;0,985
9,267000;0,0302;-0,0043;0,9839;0,984
9,290000;0,0302;-0,0028;0,9869;0,987
9,291000;0,0297;-0,0057;0,9815;0,982
9,296000;0,0316;-0,0048;0,9864;0,987
9,310000;0,0311;-0,0028;0,9820;0,982
9,318000;0,0311;-0,0062;0,9825;0,983
9,326000;0,0307;-0,0072;0,9859;0,986
9,338000;0,0311;-0,0028;0,9854;0,986
9,347000;0,0297;-0,0043;0,9835;0,984
9,357000;0,0316;-0,0018;0,9844;0,985
9,381000;0,0307;-0,0053;0,9839;0,984
9,384000;0,0307;-0,0033;0,9835;0,984
9,387000;0,0292;-0,0033;0,9844;0,985
9,397000;0,0307;-0,0033;0,9825;0,983
9,426000;0,0307;-0,0043;0,9869;0,987
9,428000;0,0307;-0,0038;0,9825;0,983
9,429000;0,0297;-0,0043;0,9844;0,985
9,447000;0,0302;-0,0048;0,9844;0,985
9,449000;0,0297;-0,0038;0,9854;0,986
9,456000;0,0307;-0,0057;0,9825;0,983
9,466000;0,0311;-0,0038;0,9849;0,985
9,476000;0,0302;-0,0053;0,9835;0,984
9,503000;0,0297;-0,0033;0,9854;0,986
9,505000;0,0292;-0,0048;0,9825;0,983
9,506000;0,0307;-0,0048;0,9844;0,985
9,516000;0,0307;-0,0082;0,9781;0,979
9,527000;0,0307;-0,0038;0,9893;0,990
9,537000;0,0297;-0,0033;0,9825;0,983
9,546000;0,0307;-0,0043;0,9854;0,986
9,557000;0,0316;-0,0077;0,9815;0,982
9,567000;0,0316;-0,0048;0,9864;0,987
9,583000;0,0302;-0,0048;0,9859;0,986
9,588000;0,0297;-0,0048;0,9864;0,987
9,617000;0,0302;-0,0048;0,9864;0,987
9,619000;0,0302;-0,0033;0,9874;0,988
9,620000;0,0307;-0,0048;0,9869;0,987
9,626000;0,0292;-0,0053;0,9835;0,984
9,638000;0,0292;-0,0053;0,9830;0,983
9,646000;0,0292;-0,0057;0,9869;0,987
9,656000;0,0302;-0,0067;0,9839;0,984
9,666000;0,0307;-0,0048;0,9859;0,986
9,678000;0,0766;0,0463;0,9854;0,989
9,686000;0,0854;0,0737;0,9825;0,989
9,704000;0,0590;0,0561;0,9888;0,992
9,706000;0,0243;0,0077;1,0054;1,006
9,716000;0,0101;-0,0311;1,0079;1,008
9,727000;0,0243;-0,0297;1,0074;1,008
9,736000;0,0018;-0,0346;1,0123;1,013
9,746000;-0,0307;-0,0160;0,9390;0,940
9,770000;0,0082;-0,0292;1,0211;1,022
9,773000;0,0287;-0,0424;1,0470;1,048
9,776000;0,0429;-0,0478;1,0431;1,045
9,786000;0,0458;-0,0531;1,0172;1,020
9,800000;0,0277;-0,0204;1,0084;1,009
9,821000;0,0263;-0,0243;1,0196;1,020
9,826000;0,0224;-0,0282;1,0318;1,032
9,827000;0,0214;-0,0419;1,0499;1,051
9,836000;0,0326;-0,0355;1,0440;1,045
9,846000;0,0429;-0,0238;1,0372;1,038
9,856000;0,0331;-0,0497;1,0211;1,023
9,870000;0,0307;-0,0610;1,0142;1,017
9,907000;0,0351;-0,0668;1,0069;1,010
9,909000;0,0434;-0,0741;1,0045;1,008
9,910000;0,0370;-0,0829;1,0196;1,024
9,910000;0,0292;-0,0873;1,0089;1,013
9,916000;0,0258;-0,0927;1,0186;1,023
9,928000;0,0268;-0,1064;1,0348;1,041
9,936000;0,0248;-0,1152;1,0548;1,061
9,946000;0,0263;-0,1225;1,0133;1,021
9,956000;0,0390;-0,1240;0,9791;0,988
9,978000;0,0409;-0,1386;0,9571;0,968
9,980000;0,0209;-0,1597;0,9458;0,959
9,986000;0,0204;-0,1807;0,9385;0,956
10,014000;0,0155;-0,1958;0,9580;0,978
10,016000;0,0170;-0,1983;0,9351;0,956
10,017000;0,0199;-0,1939;0,9556;0,975
10,037000;0,0277;-0,1841;0,9546;0,973
10,039000;0,0277;-0,1821;0,9698;0,987
10,047000;0,0272;-0,1748;0,9580;0,974
10,056000;0,0272;-0,1772;0,9488;0,966
10,068000;0,0302;-0,2007;0,9273;0,949
10,075000;0,0243;-0,2422;0,9536;0,984
10,098000;0,0263;-0,2456;0,9478;0,979
10,100000;0,0238;-0,2456;0,9512;0,983
10,106000;0,0268;-0,2544;0,9326;0,967
10,119000;0,0175;-0,2588;0,9414;0,977
10,125000;0,0101;-0,2662;0,9336;0,971
10,136000;0,0175;-0,2730;0,9312;0,971
10,155000;0,0287;-0,2803;0,9576;0,998
10,157000;0,0297;-0,2852;0,9576;1,000
10,187000;0,0292;-0,2950;0,9590;1,004
10,188000;0,0263;-0,3057;0,9659;1,013
10,189000;0,0136;-0,3189;0,9639;1,015
10,207000;0,0126;-0,3155;0,9566;1,007
10,209000;0,0209;-0,3194;0,9395;0,993
10,215000;0,0307;-0,3336;0,9131;0,973
10,225000;0,0336;-0,3468;0,9092;0,974
10,235000;0,0287;-0,3551;0,9087;0,976
10,256000;0,0189;-0,3702;0,8989;0,972
10,258000;-0,0136;-0,3913;0,9107;0,991
10,290000;-0,0101;-0,3869;0,8950;0,975
10,292000;-0,0175;-0,3781;0,9248;0,999
10,293000;-0,0219;-0,3927;0,9590;1,037
10,295000;-0,0253;-0,3942;0,9302;1,011
10,311000;-0,0311;-0,3947;0,9615;1,040
10,318000;-0,0282;-0,3903;0,9326;1,011
10,325000;-0,0429;-0,4118;0,9351;1,023
10,335000;-0,0502;-0,4225;0,9341;1,026
10,346000;-0,0512;-0,4250;0,9063;1,002
10,360000;-0,0575;-0,4440;0,9102;1,014
10,401000;-0,0722;-0,4641;0,8730;0,991
10,403000;-0,0717;-0,4743;0,8569;0,982
10,404000;-0,0737;-0,4802;0,8520;0,981
10,405000;-0,0776;-0,4860;0,8906;1,018
10,406000;-0,0834;-0,4826;0,8593;0,989
10,422000;-0,0781;-0,4953;0,8813;1,014
10,426000;-0,0839;-0,4968;0,8549;0,992
10,437000;-0,0859;-0,5075;0,8642;1,006
10,447000;-0,0917;-0,5134;0,8589;1,005
10,462000;-0,0922;-0,5173;0,8320;0,984
10,467000;-0,1015;-0,5452;0,8193;0,989
10,476000;-0,0864;-0,5471;0,7357;0,921
10,500000;-0,0912;-0,5779;0,8007;0,992
10,502000;-0,1005;-0,5691;0,7738;0,966
10,506000;-0,1098;-0,5818;0,8251;1,016
10,521000;-0,1098;-0,5852;0,7611;0,966
10,526000;-0,1157;-0,6185;0,8134;1,028
10,537000;-0,1181;-0,6121;0,7587;0,982
10,546000;-0,0996;-0,6072;0,7440;0,966
10,556000;-0,0981;-0,6317;0,7734;1,003
10,566000;-0,0864;-0,6595;0,7646;1,013
10,581000;-0,1025;-0,6893;0,7621;1,033
10,619000;-0,0981;-0,6854;0,7328;1,008
10,621000;-0,0942;-0,6888;0,7128;0,996
10,621000;-0,1020;-0,6913;0,6962;0,986
10,622000;-0,0942;-0,7108;0,6996;1,002
10,627000;-0,0912;-0,7093;0,6942;0,997
10,640000;-0,0893;-0,7059;0,6849;0,988
10,645000;-0,0756;-0,7069;0,6600;0,970
10,655000;-0,0693;-0,7113;0,6497;0,966
10,665000;-0,0702;-0,7255;0,6238;0,959
10,676000;-0,0663;-0,7431;0,6106;0,964
10,687000;-0,0693;-0,7665;0,5755;0,961
10,700000;-0,0707;-0,7880;0,5735;0,977
10,720000;-0,0688;-0,8066;0,5774;0,994
10,722000;-0,0610;-0,8242;0,5828;1,011
10,725000;-0,0639;-0,8315;0,5867;1,020
10,737000;-0,0639;-0,8266;0,5896;1,017
10,746000;-0,0605;-0,8149;0,5882;1,007
10,756000;-0,0409;-0,7900;0,5764;0,979
10,766000;-0,0404;-0,7953;0,5579;0,972
10,782000;-0,0399;-0,8159;0,5417;0,980
10,796000;-0,0390;-0,8383;0,5188;0,987
10,797000;-0,0224;-0,8378;0,4753;0,964
10,819000;-0,0282;-0,8769;0,4865;1,003
10,821000;-0,0336;-0,9033;0,4865;1,027
10,825000;-0,0282;-0,8892;0,4631;1,003
10,835000;-0,0219;-0,8808;0,4582;0,993
10,845000;-0,0160;-0,8696;0,4460;0,977
10,864000;-0,0170;-0,8520;0,4250;0,952
10,866000;-0,0150;-0,8535;0,3649;0,928
10,894000;-0,0224;-0,8764;0,3463;0,943
10,895000;-0,0375;-0,8994;0,3292;0,959
10,896000;-0,0483;-0,9102;0,2803;0,954
10,915000;-0,0307;-0,9258;0,2637;0,963
10,917000;-0,0341;-0,9449;0,2447;0,977
10,926000;-0,0522;-0,9536;0,2183;0,980
10,935000;-0,0463;-0,9629;0,1670;0,978
10,945000;-0,0385;-0,9556;0,1484;0,968
10,964000;-0,0331;-0,9493;0,1250;0,958
10,966000;-0,0321;-0,9361;0,0869;0,941
10,997000;-0,0307;-0,9385;0,0751;0,942
11,000000;-0,0287;-0,9551;0,0595;0,957
11,000000;-0,0316;-0,9654;0,0443;0,967
11,018000;-0,0233;-0,9766;-0,0082;0,977
11,020000;-0,0165;-0,9805;-0,0375;0,981
11,027000;-0,0150;-0,9771;-0,0673;0,980
11,035000;-0,0199;-0,9727;-0,0952;0,978
11,045000;-0,0263;-0,9795;-0,1367;0,989
11,056000;-0,0243;-0,9756;-0,1504;0,987
11,072000;-0,0307;-0,9766;-0,1577;0,990
11,077000;-0,0253;-0,9605;-0,1719;0,976
11,085000;-0,0165;-0,9424;-0,1836;0,960
11,101000;-0,0057;-0,9307;-0,2007;0,952
11,105000;0,0067;-0,9268;-0,2163;0,952
11,123000;0,0145;-0,9229;-0,2613;0,959
11,126000;0,0106;-0,9170;-0,2847;0,960
11,135000;0,0126;-0,9121;-0,3014;0,961
11,145000;0,0121;-0,9141;-0,3214;0,969
11,156000;0,0062;-0,9234;-0,3189;0,977
11,172000;0,0004;-0,9326;-0,3229;0,987
11,205000;0,0053;-0,9458;-0,3272;1,001
11,207000;0,0209;-0,9190;-0,3463;0,982
11,208000;0,0209;-0,9033;-0,3644;0,974
11,209000;0,0331;-0,8892;-0,3888;0,971
11,225000;0,0434;-0,8716;-0,4035;0,961
11,227000;0,0355;-0,8447;-0,4269;0,947
11,235000;0,0351;-0,8335;-0,4489;0,947
11,245000;0,0478;-0,8276;-0,4773;0,957
11,256000;0,0502;-0,8378;-0,5330;0,994
11,276000;0,0463;-0,8393;-0,5530;1,006
11,280000;0,0507;-0,8383;-0,5540;1,006
11,287000;0,0561;-0,8325;-0,5452;0,997
11,319000;0,0707;-0,8154;-0,5290;0,975
11,321000;0,0815;-0,8090;-0,5256;0,968
11,322000;0,0873;-0,7934;-0,5374;0,962
11,325000;0,0888;-0,7777;-0,5906;0,981
11,340000;0,0922;-0,7753;-0,6185;0,996
11,347000;0,0903;-0,7821;-0,6458;1,018
11,355000;0,0917;-0,7734;-0,6649;1,024
11,371000;0,1093;-0,7406;-0,6698;1,005
11,375000;0,1162;-0,7196;-0,6580;0,982
11,401000;0,1264;-0,6981;-0,6395;0,955
11,403000;0,1206;-0,6727;-0,6141;0,919
11,405000;0,1074;-0,6698;-0,6209;0,920
11,422000;0,0966;-0,6703;-0,6478;0,937
11,425000;0,0903;-0,6683;-0,6893;0,964
11,436000;0,0776;-0,6458;-0,7533;0,995
11,460000;0,0888;-0,6346;-0,7773;1,007
11,466000;0,1123;-0,6185;-0,7939;1,013
11,467000;0,1274;-0,5989;-0,8017;1,009
11,500000;0,1494;-0,5569;-0,8188;1,001
11,502000;0,1611;-0,5461;-0,8237;1,001
11,503000;0,1709;-0,5290;-0,8325;1,001
11,505000;0,1689;-0,4880;-0,8286;0,976
11,521000;0,1699;-0,4968;-0,8320;0,984
11,526000;0,1812;-0,5046;-0,8354;0,993
11,535000;0,1899;-0,5085;-0,8418;1,002
11,545000;0,1787;-0,5012;-0,8545;1,007
11,555000;0,1670;-0,4988;-0,8906;1,034
11,573000;0,1709;-0,4885;-0,9297;1,064
11,575000;0,1939;-0,4572;-0,9649;1,085
11,606000;0,1968;-0,4352;-0,9580;1,071
11,608000;0,2017;-0,4059;-0,9331;1,037
11,608000;0,2158;-0,3737;-0,9048;1,002
11,627000;0,2554;-0,3326;-0,8950;0,988
11,629000;0,2530;-0,3263;-0,9097;0,999
11,635000;0,2549;-0,3219;-0,9194;1,007
11,645000;0,2520;-0,3458;-0,9058;1,002
11,655000;0,2505;-0,3722;-0,8911;0,998
11,675000;0,2579;-0,3712;-0,8848;0,994
11,677000;0,2535;-0,3634;-0,8779;0,983
11,708000;0,2525;-0,3028;-0,8564;0,943
11,710000;0,2500;-0,2882;-0,8427;0,925
11,711000;0,2505;-0,2628;-0,8462;0,921
11,715000;0,2305;-0,2691;-0,8647;0,935
11,730000;0,2632;-0,3057;-0,8374;0,929
11,738000;0,2725;-0,3131;-0,9014;0,992
11,745000;0,2574;-0,2701;-0,9624;1,032
11,756000;0,2383;-0,1924;-0,8999;0,951
11,765000;0,2872;-0,1919;-0,8784;0,944
11,779000;0,3092;-0,1992;-0,8755;0,950
11,810000;0,3248;-0,2051;-0,8652;0,947
11,812000;0,2613;-0,1983;-0,8598;0,920
11,812000;0,2456;-0,1914;-0,8613;0,916
11,815000;0,2393;-0,1812;-0,8745;0,925
11,831000;0,2720;-0,1782;-0,8466;0,907
11,838000;0,2818;-0,1870;-0,8193;0,886
11,845000;0,2755;-0,1562;-0,8418;0,899
11,855000;0,2833;-0,1230;-0,8936;0,945
11,866000;0,3033;-0,0688;-0,9830;1,031
11,885000;0,2769;-0,0658;-0,9844;1,025
11,887000;0,2549;-0,0610;-0,9747;1,009
11,896000;0,3145;-0,0316;-0,9317;0,984
11,941000;0,2217;-0,0311;-0,9219;0,949
11,943000;0,0825;-0,0663;-1,0636;1,069
11,944000;0,0761;-0,0771;-1,1203;1,125
11,945000;0,2926;-0,0116;-0,8984;0,945
11,946000;0,2813;-0,0018;-0,8804;0,924
11,964000;0,2481;0,0126;-0,9141;0,947
11,965000;0,2530;0,0404;-0,9390;0,973
11,979000;0,2779;0,0624;-0,9610;1,002
11,985000;0,2432;0,0526;-0,9644;0,996
12,012000;0,2193;0,0512;-0,9835;1,009
12,014000;0,2198;0,0727;-0,9923;1,019
12,015000;0,2349;0,0815;-0,9830;1,014
12,034000;0,2398;0,0883;-0,9717;1,005
12,035000;0,2486;0,0986;-0,9493;0,986
12,045000;0,2706;0,1279;-0,9194;0,967
12,069000;0,2452;0,1298;-0,9170;0,958
12,072000;0,2325;0,1318;-0,9287;0,966
12,075000;0,2085;0,1171;-0,9966;1,025
12,085000;0,2129;0,1162;-1,0010;1,030
12,105000;0,2168;0,1220;-0,9864;1,017
12,107000;0,2202;0,1533;-0,9683;1,005
12,115000;0,2354;0,2207;-0,9722;1,024
12,126000;0,2129;0,2129;-0,9204;0,968
12,135000;0,1821;0,2403;-0,9067;0,956
12,145000;0,2364;0,2828;-0,9019;0,974
12,175000;0,2320;0,2769;-0,9209;0,989
12,177000;0,2075;0,2882;-0,8838;0,952
12,178000;0,2246;0,3014;-0,9175;0,991
12,185000;0,1992;0,2681;-0,9097;0,969
12,209000;0,1958;0,2843;-0,9155;0,978
12,211000;0,2149;0,3028;-0,8994;0,973
12,215000;0,2012;0,3199;-0,9077;0,983
12,231000;0,2114;0,3443;-0,9297;1,014
12,235000;0,1831;0,3536;-0,9170;1,000
12,245000;0,1860;0,3668;-0,8877;0,978
12,255000;0,2075;0,3585;-0,8574;0,952
12,273000;0,1548;0,3727;-0,9268;1,011
12,275000;0,2075;0,4220;-0,9048;1,020
12,285000;0,2110;0,4128;-0,8887;1,002
12,308000;0,2544;0,3761;-0,7997;0,920
12,310000;0,2818;0,3683;-0,7885;0,915
12,315000;0,1797;0,3732;-0,8159;0,915
12,329000;0,2212;0,4890;-0,7763;0,944
12,335000;0,1997;0,5071;-0,7958;0,965
12,345000;0,1782;0,5193;-0,8159;0,983
12,356000;0,1914;0,5789;-0,8227;1,024
12,372000;0,1577;0,6380;-0,7875;1,026
12,382000;0,1289;0,6429;-0,8022;1,036
12,406000;0,1245;0,6321;-0,7934;1,022
12,410000;0,1191;0,6165;-0,7660;0,990
12,411000;0,1479;0,6297;-0,7396;0,983
12,415000;0,1435;0,6356;-0,7391;0,985
12,426000;0,1426;0,6380;-0,7538;0,998
12,435000;0,1396;0,6233;-0,7616;0,994
12,446000;0,1274;0,6053;-0,7538;0,975
12,455000;0,1465;0,5911;-0,7260;0,948
12,470000;0,1435;0,5613;-0,7123;0,918
12,476000;0,1435;0,5740;-0,6673;0,892
12,506000;0,1279;0,5799;-0,6722;0,897
12,508000;0,1225;0,5994;-0,6654;0,904
12,508000;0,1440;0,6458;-0,6317;0,915
12,528000;0,1518;0,6370;-0,6229;0,904
12,530000;0,1557;0,6268;-0,6395;0,909
12,535000;0,1294;0,6190;-0,6864;0,933
12,546000;0,1069;0,6307;-0,7401;0,978
12,555000;0,1162;0,6361;-0,7216;0,969
12,565000;0,1176;0,6429;-0,7220;0,974
12,574000;0,1460;0,6541;-0,7030;0,971
12,593000;0,1650;0,6600;-0,6976;0,974
12,594000;0,1929;0,6615;-0,7054;0,986
12,605000;0,1948;0,6532;-0,7279;0,997
12,626000;0,1836;0,6312;-0,7787;1,019
12,627000;0,1611;0,6204;-0,7914;1,018
12,634000;0,1650;0,6194;-0,7592;0,994
12,645000;0,1504;0,6067;-0,7142;0,949
12,655000;0,1557;0,5584;-0,5862;0,824
12,672000;0,1113;0,6282;-0,6004;0,876
12,677000;0,0810;0,7362;-0,5955;0,950
12,712000;0,0453;0,8344;-0,5857;1,020
12,713000;0,0644;0,8032;-0,5696;0,987
12,715000;0,1054;0,7944;-0,5794;0,989
12,716000;0,1567;0,7988;-0,6800;1,061
12,725000;0,1719;0,6844;-0,7157;1,005
12,735000;0,2598;0,7005;-0,6512;0,991
12,745000;0,1987;0,6927;-0,7675;1,053
12,755000;0,1675;0,7318;-0,7748;1,079
12,773000;0,1328;0,7949;-0,8051;1,139
12,775000;0,1303;0,7890;-0,7826;1,119
12,810000;0,0590;0,7352;-0,7235;1,033
12,812000;0,1118;0,7382;-0,5022;0,900
12,813000;0,1118;0,7367;-0,4953;0,895
12,814000;0,1137;0,7465;-0,5007;0,906
12,831000;0,0820;0,7709;-0,5691;0,962
12,835000;0,0785;0,7968;-0,5750;0,986
12,845000;0,0834;0,8085;-0,5266;0,969
12,855000;0,0644;0,8129;-0,5129;0,963
12,865000;0,0859;0,8481;-0,4724;0,975
12,880000;0,0663;0,8276;-0,4685;0,953
12,919000;0,0732;0,8251;-0,4763;0,956
12,921000;0,0624;0,8422;-0,4851;0,974
12,922000;0,0741;0,8657;-0,4939;0,999
12,922000;0,0678;0,8628;-0,4983;0,999
12,924000;0,0478;0,8686;-0,4973;1,002
12,941000;0,0561;0,8896;-0,4259;0,988
12,944000;0,0483;0,8887;-0,4001;0,976
12,955000;0,0395;0,8872;-0,3776;0,965
12,965000;-0,0224;0,8823;-0,3927;0,966
12,982000;0,0326;0,9190;-0,3248;0,975
12,988000;0,0316;0,9185;-0,3380;0,979
12,995000;0,0355;0,9165;-0,3786;0,992
13,020000;0,0248;0,8975;-0,4548;1,006
13,022000;0,0160;0,8940;-0,4450;0,999
13,025000;0,0268;0,8843;-0,3844;0,965
13,042000;0,0287;0,8735;-0,3233;0,932
13,044000;0,0121;0,8559;-0,2867;0,903
13,054000;0,0000;0,8579;-0,2906;0,906
13,065000;0,0028;0,8593;-0,2613;0,898
13,083000;-0,0053;0,8569;-0,2359;0,889
13,087000;-0,0062;0,9126;-0,2144;0,937
13,119000;-0,0209;0,9610;-0,2300;0,988
13,120000;-0,0375;0,9962;-0,2388;1,025
13,121000;-0,0194;1,0255;-0,2256;1,050
13,124000;-0,0248;1,0128;-0,2237;1,037
13,134000;-0,0184;1,0006;-0,2325;1,027
13,144000;-0,0038;0,9849;-0,2408;1,014
13,167000;-0,0302;0,9546;-0,2823;0,996
13,170000;-0,0228;0,9615;-0,2955;1,006
13,212000;0,0062;0,9610;-0,2691;0,998
13,214000;-0,0170;0,9634;-0,2921;1,007
13,215000;-0,0165;0,9629;-0,2779;1,002
13,216000;-0,0233;0,9747;-0,2491;1,006
13,216000;-0,0370;0,9800;-0,2134;1,004
13,234000;-0,0194;0,9879;-0,1298;0,997
13,235000;-0,0355;0,9624;-0,1000;0,968
13,244000;-0,0575;0,9468;-0,1035;0,954
13,264000;-0,0272;0,9610;-0,1098;0,968
13,266000;-0,0258;0,9815;-0,1269;0,990
13,298000;-0,0424;1,0089;-0,1509;1,021
13,299000;-0,0570;1,0094;-0,1391;1,020
13,300000;-0,0013;0,9981;-0,0492;0,999
13,304000;-0,0140;0,9659;-0,0307;0,966
13,320000;-0,0268;0,9566;-0,0443;0,958
13,325000;-0,0341;0,9302;-0,0399;0,932
13,334000;-0,0048;0,9072;-0,0390;0,908
13,344000;-0,0443;0,8994;-0,0600;0,903
13,354000;-0,0668;0,9243;-0,0717;0,930
13,367000;-0,0517;0,9444;-0,0282;0,946
13,403000;-0,0649;0,9551;-0,0180;0,957
13,405000;-0,0732;0,9727;-0,0136;0,976
13,406000;-0,0800;0,9747;0,0136;0,978
13,406000;-0,0634;0,9864;0,0815;0,992
13,414000;-0,0248;0,9952;0,0922;1,000
13,426000;-0,0243;0,9761;0,0961;0,981
13,434000;-0,0888;0,9923;0,0888;1,000
13,444000;-0,0746;1,0191;0,1000;1,027
13,454000;-0,0712;1,0269;0,1079;1,035
13,473000;-0,0624;1,0211;0,1274;1,031
13,485000;-0,0561;0,9737;0,1528;0,987
13,486000;-0,0419;0,9527;0,1606;0,967
13,508000;-0,0463;0,9576;0,1470;0,970
13,510000;-0,0175;0,9092;0,1538;0,922
13,514000;-0,0048;0,8945;0,1768;0,912
13,524000;-0,0126;0,8833;0,1958;0,905
13,534000;-0,0238;0,8642;0,2188;0,892
13,547000;-0,0219;0,8808;0,2500;0,916
13,555000;-0,0165;0,8921;0,2642;0,931
13,565000;-0,0287;0,9121;0,2779;0,954
13,575000;-0,0258;0,9204;0,2989;0,968
13,600000;-0,0048;0,8711;0,3522;0,940
13,602000;-0,0082;0,8530;0,3658;0,928
13,604000;-0,0214;0,8378;0,3693;0,916
13,630000;0,0101;0,8510;0,3595;0,924
13,632000;-0,0297;0,8295;0,3654;0,907
13,634000;-0,0634;0,8569;0,3805;0,940
13,652000;-0,0502;0,8999;0,3830;0,979
13,655000;-0,0424;0,9180;0,3649;0,989
13,667000;-0,0341;0,9253;0,3878;1,004
13,675000;-0,0140;0,9170;0,3991;1,000
13,696000;0,0126;0,9131;0,3869;0,992
13,697000;-0,0355;0,8608;0,4245;0,960
13,704000;-0,0106;0,8794;0,4699;0,997
13,736000;0,0155;0,8877;0,4553;0,998
13,738000;-0,0184;0,8633;0,4211;0,961
13,738000;-0,0233;0,8569;0,4660;0,976
13,744000;-0,0541;0,8383;0,5193;0,988
13,758000;-0,0180;0,8520;0,5344;1,006
13,766000;0,0023;0,8193;0,5173;0,969
13,774000;-0,0121;0,8080;0,5134;0,957
13,789000;0,0224;0,8076;0,4973;0,949
13,794000;0,0072;0,7870;0,5100;0,938
13,824000;0,0101;0,7821;0,5540;0,959
13,825000;-0,0106;0,7694;0,5916;0,971
13,826000;-0,0170;0,7646;0,6111;0,979
13,846000;-0,0116;0,7646;0,6072;0,976
13,850000;-0,0067;0,7621;0,6160;0,980
13,855000;0,0038;0,7611;0,6170;0,980
13,866000;0,0131;0,7460;0,6082;0,963
13,875000;0,0111;0,7313;0,6233;0,961
13,894000;0,0053;0,7162;0,6507;0,968
13,896000;-0,0106;0,7123;0,6585;0,970
13,938000;0,0082;0,7245;0,6238;0,956
13,939000;-0,0023;0,7240;0,6297;0,960
13,940000;-0,0204;0,7128;0,6483;0,964
13,941000;0,0199;0,6922;0,6717;0,965
13,944000;0,0145;0,6649;0,6952;0,962
13,960000;0,0018;0,6707;0,7137;0,979
13,964000;0,0028;0,6624;0,7015;0,965
13,974000;0,0111;0,6468;0,7220;0,969
13,992000;0,0209;0,6365;0,7406;0,977
13,994000;0,0145;0,6273;0,7362;0,967
14,029000;0,0145;0,6111;0,7416;0,961
14,031000;0,0209;0,6043;0,7636;0,974
14,032000;0,0184;0,5833;0,7543;0,954
14,034000;0,0189;0,5628;0,7597;0,946
14,044000;0,0082;0,5149;0,7655;0,923
14,054000;-0,0053;0,5139;0,7758;0,931
14,064000;-0,0097;0,5110;0,7846;0,936
14,076000;0,0004;0,5139;0,8002;0,951
14,110000;0,0062;0,5027;0,8207;0,962
14,112000;0,0072;0,4992;0,8149;0,956
14,113000;0,0126;0,4919;0,8085;0,946
14,114000;0,0263;0,4538;0,8369;0,952
14,132000;0,0189;0,4308;0,8496;0,953
14,136000;0,0233;0,4259;0,8554;0,956
14,146000;0,0263;0,4225;0,8637;0,962
14,153000;0,0331;0,4338;0,8965;0,996
14,163000;0,0326;0,4274;0,8896;0,988
14,178000;0,0263;0,4196;0,8706;0,967
14,184000;0,0311;0,3839;0,8642;0,946
14,220000;0,0321;0,3590;0,8623;0,935
14,222000;0,0302;0,3478;0,8701;0,938
14,222000;0,0395;0,3610;0,8686;0,941
14,224000;0,0463;0,3683;0,8711;0,947
14,233000;0,0517;0,3624;0,8813;0,954
14,243000;0,0600;0,3536;0,8794;0,950
14,254000;0,0722;0,3370;0,8730;0,939
14,263000;0,0741;0,2882;0,9028;0,951
14,273000;0,0776;0,2774;0,9263;0,970
14,284000;0,0751;0,2779;0,9273;0,971
14,303000;0,0585;0,2930;0,9497;0,996
14,307000;0,0522;0,2970;0,9639;1,010
14,313000;0,0570;0,2896;0,9776;1,021
14,345000;0,0541;0,2828;0,9678;1,010
14,347000;0,0776;0,2559;0,9346;0,972
14,348000;0,0756;0,2232;0,9356;0,965
14,353000;0,0761;0,2188;0,9346;0,963
14,367000;0,0947;0,2139;0,9708;0,999
14,382000;0,0883;0,2168;0,9781;1,006
14,384000;0,0785;0,2290;0,9805;1,010
14,419000;0,0751;0,2285;0,9815;1,011
14,421000;0,0756;0,2066;0,9712;0,996
14,422000;0,0751;0,1909;0,9732;0,995
14,422000;0,0883;0,1870;0,9576;0,980
14,433000;0,1069;0,1787;0,9546;0,977
14,443000;0,1123;0,1968;0,9815;1,007
14,453000;0,1005;0,1929;1,0094;1,033
14,464000;0,0971;0,1880;1,0108;1,033
14,491000;0,1059;0,1572;0,9859;1,004
14,494000;0,0976;0,1176;0,9668;0,979
14,495000;0,0839;0,1000;0,9209;0,930
14,503000;0,0815;0,0971;0,9229;0,932
14,532000;0,0825;0,1518;0,9966;1,012
14,534000;0,0746;0,1763;1,0343;1,052
14,535000;0,0639;0,1987;1,0519;1,072
14,554000;0,0722;0,1597;1,0870;1,101
14,556000;0,1386;0,1245;1,1711;1,186
14,563000;0,1127;0,1259;1,0895;1,103
14,573000;0,1005;0,1406;0,9488;0,964
14,587000;0,1377;0,1714;0,9463;0,972
14,622000;0,1367;0,1245;0,9947;1,012
14,624000;0,1308;0,0912;0,9996;1,012
14,625000;0,1255;0,1230;0,9698;0,986
14,626000;0,1142;0,1255;0,9761;0,991
14,633000;0,1069;0,1191;0,9844;0,997
14,645000;0,0947;0,0878;1,0245;1,033
14,652000;0,0844;0,0810;1,0221;1,029
14,662000;0,0893;0,0937;1,0108;1,019
14,673000;0,0952;0,1030;0,9966;1,006
14,695000;0,1079;0,1015;0,9815;0,993
14,696000;0,1274;0,0922;0,9551;0,968
14,703000;0,1269;0,0869;0,9634;0,976
14,734000;0,1069;0,0795;0,9297;0,939
14,735000;0,1103;0,0697;0,9673;0,976
14,736000;0,1191;0,0805;0,9546;0,965
14,756000;0,0991;0,0741;0,9624;0,970
14,757000;0,1010;0,0668;0,9742;0,982
14,762000;0,1382;0,0536;1,0558;1,066
14,772000;0,0996;0,0683;0,9043;0,912
14,791000;0,1225;0,0898;0,8667;0,880
14,795000;0,0927;0,0693;0,9717;0,979
14,802000;0,0707;0,0346;1,0181;1,021
14,830000;0,0717;0,0419;1,0191;1,023
14,833000;0,0605;0,0395;0,9541;0,957
14,834000;0,0531;0,0399;0,9097;0,912
14,842000;0,0678;0,0429;0,9278;0,931
14,852000;0,0883;0,0248;0,9708;0,975
14,863000;0,0952;-0,0737;0,9966;1,004
14,872000;0,0077;0,0483;0,9683;0,970
14,900000;0,1098;0,0722;0,9712;0,980
14,902000;0,0556;0,0219;0,9825;0,984
14,903000;0,0409;0,0189;1,0953;1,096
14,946000;0,0473;0,0453;1,1188;1,121
14,948000;0,1294;0,1211;0,9043;0,921
14,949000;0,1978;0,0996;1,0294;1,053
14,949000;0,0580;-0,0038;1,2097;1,211
14,952000;0,0018;0,0409;1,0436;1,044
14,970000;-0,0590;0,0311;0,9756;0,978
14,974000;0,0487;-0,0619;1,0743;1,077
14,985000;0,0365;-0,0497;1,3558;1,357
14,993000;0,0531;-0,0106;0,8618;0,863
15,013000;0,0492;-0,0228;1,0421;1,044
15,015000;0,0321;-0,0404;0,9795;0,981
15,023000;0,0189;-0,0194;0,9835;0,984
15,053000;-0,0067;0,0009;0,9839;0,984
15,055000;-0,0140;0,0585;0,9815;0,983
15,056000;0,0238;0,0614;0,9835;0,986
15,062000;0,0316;-0,0126;0,9864;0,987
15,076000;0,0292;-0,0033;0,9815;0,982
15,091000;0,0316;-0,0057;0,9839;0,984
15,092000;0,0316;-0,0038;0,9869;0,987
15,128000;0,0307;-0,0038;0,9839;0,984
15,129000;0,0311;-0,0018;0,9825;0,983
15,131000;0,0307;-0,0043;0,9820;0,982
15,133000;0,0292;-0,0043;0,9869;0,987
15,142000;0,0302;-0,0048;0,9839;0,984
15,152000;0,0297;-0,0028;0,9839;0,984
15,162000;0,0307;-0,0057;0,9869;0,987
15,177000;0,0316;-0,0057;0,9825;0,983
15,212000;0,0292;-0,0057;0,9869;0,987
15,214000;0,0302;-0,0033;0,9854;0,986
15,215000;0,0307;-0,0023;0,9835;0,984
15,216000;0,0297;-0,0028;0,9854;0,986
15,222000;0,0307;-0,0057;0,9849;0,985
15,234000;0,0321;-0,0072;0,9849;0,985
15,242000;0,0326;-0,0043;0,9844;0,985
15,253000;0,0297;-0,0043;0,9844;0,985
15,263000;0,0297;-0,0043;0,9859;0,986
15,273000;0,0311;-0,0013;0,9839;0,984
15,303000;0,0302;-0,0048;0,9844;0,985
15,306000;0,0302;-0,0028;0,9854;0,986
15,307000;0,0297;-0,0057;0,9830;0,983
15,314000;0,0302;-0,0043;0,9844;0,985
15,364000;0,0302;-0,0057;0,9849;0,985
15,365000;0,0297;-0,0028;0,9844;0,985
15,366000;0,0287;-0,0028;0,9849;0,985
15,367000;0,0292;-0,0043;0,9825;0,983
15,367000;0,0316;-0,0057;0,9830;0,983
15,386000;0,0302;-0,0028;0,9849;0,985
15,388000;0,0311;-0,0033;0,9839;0,984
15,392000;0,0307;-0,0033;0,9830;0,983
15,413000;0,0302;-0,0048;0,9830;0,983
15,415000;0,0307;-0,0033;0,9854;0,986
15,460000;0,0307;-0,0053;0,9849;0,985
15,462000;0,0302;-0,0043;0,9844;0,985
15,463000;0,0297;-0,0048;0,9835;0,984
15,464000;0,0297;-0,0057;0,9844;0,985
15,464000;0,0307;-0,0062;0,9844;0,985
15,483000;0,0292;-0,0043;0,9835;0,984
15,485000;0,0307;-0,0023;0,9835;0,984
15,497000;0,0297;-0,0018;0,9854;0,986
15,502000;0,0307;-0,0062;0,9835;0,984
15,535000;0,0302;-0,0038;0,9849;0,985
15,536000;0,0307;-0,0018;0,9830;0,983
15,537000;0,0307;-0,0048;0,9844;0,985
15,542000;0,0302;-0,0043;0,9844;0,985
15,552000;0,0292;-0,0048;0,9844;0,985
15,562000;0,0307;-0,0043;0,9844;0,985
15,578000;0,0302;-0,0062;0,9849;0,985
15,582000;0,0307;-0,0048;0,9844;0,985
15,609000;0,0292;-0,0033;0,9835;0,984
15,611000;0,0311;-0,0048;0,9742;0,975
15,611000;0,0297;-0,0097;0,9996;1,000
15,631000;0,0316;-0,0057;0,9844;0,985
15,632000;0,0311;-0,0048;0,9869;0,987
15,641000;0,0302;-0,0043;0,9844;0,985
15,651000;0,0302;-0,0038;0,9854;0,986
15,661000;0,0307;-0,0053;0,9835;0,984
15,682000;0,0311;-0,0048;0,9795;0,980
15,683000;0,0307;-0,0043;0,9825;0,983
15,710000;0,0292;-0,0048;0,9835;0,984
15,711000;0,0297;-0,0023;0,9864;0,987
15,711000;0,0311;-0,0067;0,9835;0,984
15,732000;0,0316;-0,0033;0,9859;0,986
15,733000;0,0307;-0,0048;0,9830;0,983
